{"cameraMode":{"drawMode":0,"name":"Shaded","section":"Shading Mode"},"sceneLighting":true,"audioPlay":false,"sceneViewState":{"m_AlwaysRefresh":false,"showFog":true,"showSkybox":true,"showFlares":true,"showImageEffects":true,"showParticleSystems":true,"showVisualEffectGraphs":true,"m_FxEnabled":true},"in2DMode":false,"pivot":{"x":-3.6947689056396486,"y":-15.631799697875977,"z":24.59197998046875},"rotation":{"x":0.027323167771100999,"y":-0.8854662775993347,"z":0.46098271012306216,"w":0.05249282717704773},"size":42.626129150390628,"orthographic":false}